ID,first_name,last_name,email,phone_number
1,Kathleen,Hansen,pmerritt@example.net,6434107406
2,Latoya,Hernandez,youngsheila@example.org,6494276128
3,Joshua,Davis,pprice@example.net,4483373651
4,Matthew,West,nryan@example.org,0740641724
5,Gabriel,Sutton,moralessteven@example.org,8225453090
6,Veronica,Sherman,lschultz@example.org,7866606459
7,Tracey,Perkins,amanda58@example.com,6238556414
8,Amber,Sexton,susansantiago@example.org,0168146640
9,Caleb,Hoffman,arthur09@example.net,8894256646
10,Edwin,Wallace,vincentroach@example.org,0417286881
11,Todd,Wells,douglas32@example.org,0686986939
12,Timothy,Smith,privas@example.com,3682702475
13,Jonathan,Young,fwilliams@example.net,8414543953
14,Robert,Allen,rebecca36@example.org,5225866932
15,Anthony,Mullins,cabrerajennifer@example.net,3760071655
16,Devin,White,padillapatrick@example.com,9122404824
17,Debbie,Farley,adam62@example.org,5969399065
18,Mark,Banks,roberta56@example.net,0790218872
19,Lauren,Dixon,lisahoward@example.net,0504117816
20,Charles,Bennett,brittneyporter@example.com,7443688886
21,Robert,Brown,jeffrey45@example.net,0170468617
22,Jimmy,Mclaughlin,kelly43@example.org,4163792977
23,Stephanie,Watkins,carolynsanchez@example.net,4782148274
24,Catherine,Clark,jamesmoreno@example.com,3902401244
25,Christopher,Norris,msmith@example.com,4170362954
26,Scott,Rocha,robertshaw@example.org,3386617167
27,Desiree,Ware,harristiffany@example.net,2762449837
28,Pamela,Fry,jessicapitts@example.net,1236311848
29,Andrew,Moore,robertsshannon@example.net,8282925546
30,Jeremy,Green,jamiehernandez@example.com,2666337586
31,Jennifer,Foster,marcus80@example.org,6578927908
32,Jeffrey,Long,ofuentes@example.com,8866618459
33,Brian,Brown,amanda16@example.net,5990441078
34,Kathryn,Scott,kylesalas@example.net,8154337932
35,Shannon,Wright,alexis87@example.com,6741018990
36,Karen,Mcdonald,thomas48@example.org,8389474125
37,James,Fisher,erin83@example.org,3212835016
38,Ashley,Bernard,barnettdavid@example.com,5862177238
39,Anthony,Duran,popekim@example.com,3239469974
40,Sean,Parker,beasleybarbara@example.net,5908795256
41,John,Jones,jennifer42@example.org,2555262893
42,Jerry,Harris,qcastillo@example.com,3694806653
43,Brooke,Fuller,smithmelissa@example.com,5534397051
44,Jennifer,Gonzalez,vfoster@example.com,1023874862
45,Mark,White,annerodriguez@example.org,6336720998
46,Anne,Shannon,theresa55@example.org,0345646190
47,Benjamin,Smith,melissa13@example.net,5190964084
48,Dawn,Clark,eugeneboyd@example.net,6723639893
49,Glenn,Hughes,vwilliams@example.com,6261796666
50,Katherine,Edwards,sharimoyer@example.com,6265032743
51,Nancy,Jones,fsims@example.org,2393873310
52,Gabriel,Diaz,george96@example.net,1889750841
53,Megan,Holloway,schmidtzoe@example.com,1979120055
54,Anthony,Meyer,uchandler@example.com,0372701793
55,David,Bowman,wjennings@example.org,5059650803
56,Rita,Livingston,zamorabryan@example.org,3182526596
57,Matthew,Griffin,daniel73@example.net,1407818567
58,Michael,Kemp,davisoscar@example.com,9779193751
59,Evelyn,Ferguson,carlsonemily@example.com,0576808727
60,Stanley,Harrington,vmiranda@example.net,8304425681
61,Steven,Tran,audreywilkerson@example.com,4733916282
62,Juan,Ray,brian79@example.com,3350575790
63,Robert,Morris,tinaschwartz@example.org,1093030035
64,Kathleen,Golden,carol49@example.com,5513937288
65,Carl,Diaz,mezarachel@example.net,6471178745
66,Thomas,Roberts,ibrown@example.com,9646811219
67,Rebecca,Thompson,sergio04@example.org,7333436796
68,Randy,Kim,christensenkelsey@example.net,8144065874
69,Glenda,Hunter,gregoryrichardson@example.net,9740102939
70,Wendy,Barron,maria45@example.org,8071501211
71,Allison,Davis,jesse89@example.net,4640592273
72,Daniel,Morgan,vgomez@example.net,5368393917
73,Erik,Fletcher,phayes@example.org,0295051880
74,Brian,Goodwin,pamelalong@example.com,4467596886
75,Jacqueline,Dixon,alisonneal@example.net,0918142320
76,John,Edwards,johnbowers@example.net,0106558376
77,Megan,Johnson,smithwilliam@example.org,5717903301
78,Lucas,Parker,brian60@example.org,8461885575
79,Misty,Pollard,debbieforbes@example.com,3087617598
80,Marie,Chase,morristara@example.com,8647059949
81,Jillian,Ortiz,robertsonadriana@example.com,0677218465
82,William,Gutierrez,pearsonchristina@example.org,3171971657
83,Daniel,Hendricks,cramirez@example.org,0380274516
84,Derek,Lawrence,annette39@example.com,0245400959
85,Denise,Sherman,jennifer33@example.com,1827607808
86,Matthew,Park,antonioross@example.org,6429042266
87,Robert,Wilson,bvance@example.com,0033947746
88,Gerald,Hudson,ndalton@example.com,1855377111
89,Erika,Brown,alexnelson@example.org,2094712440
90,George,Owens,mreed@example.net,5257044294
91,Angel,Hernandez,roy88@example.net,7839930099
92,Brooke,Hobbs,emilyshort@example.org,3635242761
93,Jason,Robinson,melissamiller@example.net,2653332587
94,James,Rosales,tgonzales@example.com,3902653436
95,Stephanie,Glass,astewart@example.net,7507433760
96,Allen,Graves,stephaniehowell@example.net,7050510863
97,David,Garcia,pamela41@example.net,4295067665
98,Scott,Anderson,samantha18@example.net,5798268827
99,Richard,Jackson,cgarza@example.net,5126540587
100,Thomas,Diaz,kewing@example.org,1972120116
101,Julia,Valentine,mary82@example.com,9992018415
102,Zachary,Powell,eenglish@example.com,9555559815
103,Nicole,Wang,michael51@example.com,4819817868
104,Jeffery,Ruiz,thomascory@example.net,0430092790
105,Keith,Delgado,afischer@example.net,8053171978
106,Amy,Santiago,markthomas@example.com,8144579746
107,John,Maddox,simonjason@example.net,7749622278
108,Michael,Hutchinson,aliu@example.net,1420537989
109,William,Baird,perezjessica@example.org,2402589985
110,Richard,Burnett,dfrank@example.com,9291847400
111,Sandra,Gutierrez,zmyers@example.org,8107169438
112,Thomas,Howell,monroekathryn@example.com,2414836626
113,Michael,Hoffman,crystalkelley@example.org,0398509167
114,Ronald,Morris,ycalderon@example.org,0934492001
115,Louis,Miller,desireecruz@example.com,9943264366
116,Karen,Thompson,aaronharris@example.net,3616825161
117,Joseph,Cowan,pkramer@example.org,8126012589
118,Sabrina,Perez,ajohnson@example.org,2215141210
119,Jasmine,Thompson,emily91@example.com,8268979986
120,Thomas,Martin,jill29@example.com,2161178757
121,Tamara,Lewis,johnwood@example.com,6060178924
122,Kristin,Anderson,marcus10@example.com,7237148737
123,Jesus,Valdez,ronaldhernandez@example.com,9937068990
124,Haley,Campbell,cjames@example.org,4433013362
125,John,Thomas,laurieray@example.com,7171248439
126,Steven,Ryan,lisacampbell@example.org,5033694293
127,Valerie,Diaz,kathleen65@example.org,4045599195
128,Ronald,Tucker,stephanie62@example.com,1052100364
129,John,Graham,christopher74@example.net,5895754465
130,Rachel,Wood,campbellshane@example.net,6086358122
131,Whitney,Franklin,garciatravis@example.org,2182578676
132,Kevin,Arnold,xwaters@example.org,0576828758
133,Amanda,Moore,douglasdestiny@example.com,4951768764
134,Stephanie,Chambers,darren25@example.com,1967858182
135,Carlos,Keller,jacobgilbert@example.com,0412373381
136,Gina,Burns,pperry@example.com,2459127271
137,Richard,Robinson,laurenmartin@example.net,0349999747
138,Ian,Medina,mjohnson@example.net,6938540183
139,Frank,Rodriguez,timothycontreras@example.com,0521245895
140,Ashley,Garcia,ntaylor@example.net,8388998347
141,Tonya,Smith,djones@example.com,7973355199
142,Timothy,Hall,vfuller@example.org,6234991469
143,Brett,Roberts,suzannechase@example.org,5221607723
144,Emily,Pace,rebecca75@example.com,8724933213
145,Anna,Stevens,tom33@example.net,5841171452
146,Allison,Miller,michael81@example.org,4137086508
147,Brittany,Olson,eperry@example.net,8909132256
148,Alan,Holmes,wheelerkathryn@example.org,3953424500
149,Julie,Horne,robinshaw@example.net,5857400017
150,Christian,Rogers,crystal91@example.org,5155557504
151,Amanda,Chapman,brian53@example.org,8705789080
152,Deanna,Warren,janeconway@example.com,4719135298
153,Amanda,White,danieljohnson@example.com,0011108764
154,James,Walters,alan74@example.com,7450758529
155,Marie,Dean,yolanda32@example.org,0819114113
156,Ana,Carroll,wgreen@example.com,9255499415
157,Steven,Woodard,ojordan@example.net,7364822817
158,Benjamin,Jackson,hubbardmichelle@example.com,3495114320
159,Mackenzie,Whitney,alexander08@example.com,4669621563
160,Tracey,Hunt,robertwagner@example.com,5048662574
161,Matthew,Stewart,davenportjennifer@example.org,6546195334
162,Christina,Gilbert,meredithblake@example.net,2995783365
163,Michael,Randall,norriskevin@example.net,3120276678
164,Megan,Ashley,timothygomez@example.net,6371857410
165,Crystal,Weaver,hendersonmia@example.net,3242280005
166,Robert,Matthews,deanwilson@example.com,7866526518
167,Shelley,Armstrong,bbrown@example.net,3405096423
168,Theresa,Meyer,richard88@example.org,2241933798
169,Regina,Lyons,jameslong@example.org,9165451358
170,Ricky,Bush,hansensteven@example.org,4004243335
171,Emily,Ayala,smithwesley@example.net,5312867650
172,Mary,Clark,ubell@example.com,9971354352
173,Derrick,King,ahunt@example.net,1320532914
174,Pamela,Perry,cherylschneider@example.com,3888320399
175,Alan,Alexander,john33@example.org,7910188457
176,Amy,Cantu,kurt72@example.net,9502331520
177,Jessica,Buchanan,torresjasmine@example.org,8658512425
178,Julie,Matthews,emily20@example.net,2364816770
179,James,Holmes,jkelley@example.net,7322320758
180,Amanda,Wong,michaellopez@example.net,5724066210
181,Abigail,Murphy,wwhite@example.net,5494079173
182,Zachary,Petty,tracy85@example.net,9485660605
183,David,Rubio,zachary30@example.com,1464903257
184,Dennis,Banks,jeffery14@example.net,5997168700
185,Richard,Williams,ipatterson@example.com,0870157211
186,Joshua,Walker,ewilkins@example.net,8118989623
187,Fernando,Pitts,leonardamy@example.com,2590958527
188,Keith,Marshall,joseph10@example.net,3491260013
189,Gavin,Ramos,amy11@example.net,9031351548
190,Wendy,Stewart,oliviachavez@example.org,1720712016
191,Jacqueline,Bowman,wandaray@example.com,1528723619
192,Chris,Anderson,jessica46@example.net,7314949953
193,John,Garner,hugheslisa@example.net,6484642115
194,Kelly,Mason,meghan71@example.org,4416348616
195,Tina,Ortega,zbrewer@example.com,9522634640
196,John,Wiley,howardandrea@example.org,0936173773
197,Nicholas,Carter,stevenhoward@example.net,6725540914
198,Kelly,Flores,marylong@example.org,4531699363
199,Jonathan,Clark,gmatthews@example.net,0063456833
200,Jennifer,Peterson,amy02@example.org,7944799539
201,David,Lee,thompsoncraig@example.org,6051856655
202,David,Woods,briannabaldwin@example.net,1503092174
203,Sarah,Jones,jeffreysmith@example.net,2708893476
204,John,Higgins,pamela92@example.com,2120920498
205,Jesus,Kelley,ypeck@example.org,5719574237
206,Aaron,Alvarado,kimberly66@example.net,1220678965
207,Melinda,Bowman,hannah12@example.com,4753282148
208,Bobby,Elliott,rachellewis@example.net,6336953115
209,Michael,Alvarado,scott31@example.org,0736693290
210,John,Tran,stephen77@example.com,4585066147
211,Gina,Sanders,philip74@example.org,0664934420
212,Kathryn,Foster,stephanie52@example.org,3498309784
213,Robert,Holt,hendersonrichard@example.com,7623893101
214,Stacey,Nelson,johnsonjeremy@example.net,7581548705
215,Jonathan,Hall,anthonydiaz@example.org,3831284618
216,David,Morales,ddavis@example.org,6310272095
217,Michael,Trevino,jenniferholt@example.org,9960555392
218,Anthony,Williams,eklein@example.net,3699421072
219,Dominic,Wilson,sandralee@example.org,8716230628
220,Mary,Kim,elliottalison@example.net,6835131608
221,Joanna,Stevens,bbrown@example.com,7220606489
222,Sandra,Hughes,jean65@example.net,0723795074
223,Nancy,Hinton,kellyferguson@example.net,5553443068
224,Michael,Brown,alexandramurray@example.org,7889842225
225,Julia,Norman,sharon87@example.org,1782224552
226,Zachary,Moore,fkline@example.net,5122794768
227,Tiffany,Wilson,michelle67@example.com,5684360322
228,Matthew,Graham,dodsonnicholas@example.org,0847106222
229,Becky,Harmon,jeffrey30@example.com,3439190836
230,Jorge,Tapia,david08@example.org,4651258250
231,Andrea,Ray,douglaswright@example.com,7925174476
232,Taylor,Jones,qalvarez@example.org,0958228081
233,Elizabeth,Murray,shelly39@example.com,2731513715
234,Mariah,Jones,patricia68@example.org,4992645756
235,Blake,Moore,davismichael@example.org,2248763781
236,Jasmine,Cohen,michelle59@example.com,9551082484
237,Joshua,Gonzalez,zachary45@example.com,2750426388
238,Thomas,Parker,kelly09@example.net,2091857802
239,Amanda,Edwards,tony83@example.net,6132693614
240,Tim,Brown,sean90@example.com,7393703599
241,Julia,Reese,wphillips@example.org,3274801766
242,Crystal,Serrano,james34@example.net,6485061885
243,Barbara,Black,rachelmyers@example.org,5988093405
244,Gregory,Calderon,kevin21@example.org,7010337515
245,David,Rice,matthewrodriguez@example.com,1691049284
246,Julie,Castro,ymorris@example.org,1977358014
247,Scott,Flores,alanjohnson@example.com,9610128597
248,Angela,Morris,elizabethdaniels@example.net,5045324155
249,Michael,Rios,desireeroman@example.net,0487446607
250,Jamie,Lee,ayalacynthia@example.com,1712140407
251,Danielle,Thornton,david82@example.org,2336157713
252,Randy,Hall,lbutler@example.org,5092982493
253,Thomas,Richard,olsontara@example.net,5213043006
254,Sarah,Patrick,riveracorey@example.org,9129509700
255,Timothy,Contreras,smitheric@example.com,1509056148
256,Lisa,Lindsey,cindyhumphrey@example.org,6608932849
257,Christopher,Christensen,xgordon@example.com,7420169004
258,James,White,gregorykane@example.com,0879550490
259,Jonathan,Thomas,powellrichard@example.org,3109910882
260,Christopher,Woodward,stephanie01@example.org,4716827617
261,Christy,Foster,hernandezgarrett@example.org,1285811493
262,Christopher,Smith,benjamin00@example.com,4406452430
263,Ross,West,williamsyvonne@example.org,1734627666
264,Victor,Wallace,obowen@example.net,8647783987
265,Dana,Washington,christophermccoy@example.com,6184244897
266,Gregory,Drake,patricia14@example.org,3893215090
267,William,Chavez,elizabethberger@example.com,2627346094
268,Adam,Hawkins,lisamay@example.net,7338118965
269,Tonya,Powell,tarahines@example.com,4932690374
270,Bryan,Ortiz,robertturner@example.net,0397688851
271,Nancy,Alvarado,ecrosby@example.org,9313076076
272,Courtney,Johnson,irwinjason@example.org,6939947943
273,Vanessa,Sanders,juan57@example.org,1659355378
274,Ruth,Stewart,gcaldwell@example.com,0031630807
275,Vanessa,Baker,xdavis@example.net,1244886292
276,Todd,Miller,vincent01@example.org,3710565755
277,Amy,Roberts,margaretjones@example.net,6754516432
278,Warren,Armstrong,mcgrathdouglas@example.com,6146579123
279,Samantha,Newton,abrown@example.com,1540822671
280,Catherine,Mcdonald,phillipskendra@example.net,9090489794
281,James,Shaw,fsmith@example.org,2079785923
282,David,Ellis,umendez@example.org,3452475146
283,Kevin,Williams,hernandezmichelle@example.net,9432019944
284,Shane,Anderson,rhernandez@example.com,6075580114
285,Nathan,Taylor,hmoreno@example.com,0537757055
286,Denise,Gonzales,jennifer75@example.com,5003928307
287,Dennis,Conway,ramseymichael@example.com,7173007650
288,Samantha,Young,rebeccawilliams@example.org,1494079250
289,Shannon,Mejia,maddenkathryn@example.org,1210523195
290,Raymond,Blair,karenbaker@example.org,6321741966
291,Michael,Ortiz,sarahturner@example.org,9082291277
292,James,Ali,jonesandre@example.com,0623373965
293,Alicia,Henderson,yangclayton@example.com,3912288870
294,Rebecca,Burns,taylorrobert@example.net,4662705971
295,Helen,Navarro,knightjason@example.com,1986390919
296,Kim,Bird,paulsmith@example.net,6516113470
297,Raymond,Reyes,pjensen@example.org,3347941495
298,Lindsey,Walker,wardzoe@example.net,2255986995
299,Meghan,Nichols,briananderson@example.com,5982288627
300,Tracie,Davis,johnmcneil@example.net,2810435924
